<!--

Name:		clear vertical
Author:	u/TwentiethofOctobe

-->

<theme>

	<formatVersion>3</formatVersion>

	<view name="system, basic, detailed, video">

		<image name="background_color" extra="true">
			<path>./_inc/images/background_color.png</path>
			<origin>0 0</origin>
			<pos>0 0</pos>
			<size>1 1</size>
			<color>F0F0F3</color>
		</image>

		<helpsystem name="help">
<!--			<pos>0 0</pos>-->
			<textColor>7C7C96</textColor>
			<iconColor>7C7C96</iconColor>
			<fontPath>./_inc/fonts/Roboto-Thin.otf</fontPath>
			<fontSize>.015</fontSize>
			<pos>0.05 .98</pos>
		</helpsystem>

		<text name="systemInfo">
				<backgroundColor>FFFFFF00</backgroundColor>
				<pos>0 0.7</pos>
				<fontPath>./_inc/fonts/Roboto-Regular.otf</fontPath>
				<color>7C7C96</color>
				<fontSize>.03</fontSize>
		</text>

         	<image name="dock" extra="true">
         		<path>./_inc/images/Dock.png</path>
         		<origin>0.5 0</origin>
         		<size>1.06 0.1</size>
         		<pos>0.5 .95</pos>
         	</image>

	</view>

	<feature supported="carousel">

		<view name="system">

			<image name="tile_console" extra="true">
					<size>0.75 0.46</size>
					<origin>0.5 0.5</origin>
					<pos>0.5 0.425</pos>
					<path>./_inc/images/Console_tile.png</path>
			</image>

			<carousel name="systemcarousel">
				<size>1 0.6</size>
				<pos>0 0.125</pos>
				<color>FFFFFF00</color>
				<logoSize>0.375 0.375</logoSize>
				<maxLogoCount>1</maxLogoCount>
			</carousel>

			<image name="Number_of_games" extra="true">
            	<origin>0.5 0.5</origin>
            	<pos>0.5 0.73</pos>
            	<size>0.6 0.09</size>
            	<path>./_inc/images/text_bar.png</path>
            	<!--<color>F0F0F3</color>-->
         	</image>

		</view>

	</feature>

	<view name="basic">

		<!--These are the helper images to locate where to put content-->

		<image name="gamelist_texbox" extra="true">
			<path>./_inc/images/gamelist_textbox.png</path>
			<origin>.5 0</origin>
			<pos>.5 .235</pos>
			<size>.800 .676</size>
		</image>

		<textlist name="gamelist">
			<!--<origin>.5 0</origin>-->
			<pos>.1 .3</pos>
			<size>.8 .575</size>
			<alignment>center</alignment>
			<selectorColor>7C7C9630</selectorColor>
			<selectedColor>838369</selectedColor>
			<fontPath>./_inc/fonts/Roboto-Regular.otf</fontPath>
			<primaryColor>7C7C96</primaryColor>
			<fontSize>.02</fontSize>
		</textlist>


	</view>

	<view name="basic, grid">
<!-- 	Helper to place the logo
		<image name="logo_helper" extra="true">
			<path>./_inc/images/background_color.png</path>
			<origin>0.5 0</origin>
			<pos>0.5 .05</pos>
			<size>0.6 0.2</size>
			<color>ff0000aa</color>
		</image>-->

		<image name="logo">
			<origin>0.5 0</origin>
			<pos>0.5 .03</pos>
			<maxSize>0.6 0.2</maxSize>
		</image>

	</view>
	<view name="detailed,video">

		<image name="logo">
				<origin>0 0</origin>
				<pos>0.04 .03</pos>
				<maxSize>0.3 0.2</maxSize>
		</image>

		<image name="gamelist_helper" extra="true">
			<path>./_inc/images/gamelist_textbox.png</path>
			<pos>0.05 0.2355</pos>
			<size>0.6 0.477</size>
			<!--<color>ff0000aa</color>-->
		</image>

		<textlist name="gamelist">
			<pos>.05 .265</pos>
			<size>.6 .42</size>
			<selectorColor>7C7C9630</selectorColor>
			<selectedColor>838369</selectedColor>
			<fontPath>./_inc/fonts/Roboto-Regular.otf</fontPath>
			<primaryColor>7C7C96</primaryColor>
			<fontSize>.02</fontSize>
			<alignment>center</alignment>
		</textlist>

		<!-- METADATA PART -->

		<image name="md_marquee">
			<maxSize>0.2 0.2</maxSize>
			<pos>0.60 0.15</pos>
			<origin>1 0.5</origin>
		</image>

		<image name="md_image">
			<origin>1 0.5</origin>
			<pos>.94 .12</pos>
			<maxSize>1 .15</maxSize>
		</image>

		<text name="md_description">
			<pos>0.05 .75</pos>
			<color>7C7C96</color>
			<size>.9 .15</size>
			<fontPath>./_inc/fonts/Roboto-Thin.otf</fontPath>
			<lineSpacing>1.3</lineSpacing>
			<fontSize>.02</fontSize>
		</text>

		<!-- Helpers for the game description, metadata and game icon. please look into
		 if you can install some kind of "layer mask or something for the logo"-->

<!--checking if it can work without the ugly labels-->
<!--
		<image name="game_logo_helper" extra="true">
			<path>./_inc/images/background_color.png</path>
			<color>ff00ff50</color>
			<pos></pos>
		</image>

		<image name="description_helper" extra="true">
			<path>./_inc/images/background_color.png</path>
			<color>f2000050</color>
			<pos>0.05 0.9</pos>
			<size>.6 .15</size>
			<origin>0 1</origin>
		</image>

-->

<!--
		<image name="Labels_helper_border" extra="true">
			<path>./_inc/images/background_color.png</path>
			<origin>1 0</origin>
			<size>.25 .42</size>
			<pos>0.95 .265</pos>
			<color>17a4e850</color>
		</image>

		<image name="labels_helper_margin_1" extra="true">
			<path>./_inc/images/background_color.png</path>
			<origin>0 0</origin>
			<size>.2 .02</size>
			<pos>0.7 .285</pos>
			<color>17a4e850</color>
		</image>

		<image name="labels_helper_margin_2" extra="true">
			<path>./_inc/images/background_color.png</path>
			<origin>0 0</origin>
			<size>.2 .02</size>
			<pos>0.7 .325</pos>
			<color>17a4e850</color>
		</image>

		<image name="labels_helper_margin_3" extra="true">
			<path>./_inc/images/background_color.png</path>
			<origin>0 0</origin>
			<size>.2 .02</size>
			<pos>0.7 .365</pos>
			<color>17a4e850</color>
		</image>

		<image name="labels_helper_margin_4" extra="true">
			<path>./_inc/images/background_color.png</path>
			<origin>0 0</origin>
			<size>.2 .02</size>
			<pos>0.7 .405</pos>
			<color>17a4e850</color>
		</image>

		<image name="labels_helper_margin_5" extra="true">
			<path>./_inc/images/background_color.png</path>
			<origin>0 0</origin>
			<size>.2 .02</size>
			<pos>0.7 .445</pos>
			<color>17a4e850</color>
		</image>
-->


		<text name="md_developer, md_publisher, md_genre, md_players, md_playcount, md_releasedate, md_lastplayed">
			<fontPath>./_inc/fonts/Roboto-Regular.otf</fontPath>
			<color>7C7C96</color>
			<fontSize>.02</fontSize>
		</text>

		<text name="md_lbl_rating, md_lbl_releasedate, md_lbl_developer, md_lbl_publisher, md_lbl_genre, md_lbl_players, md_lbl_lastplayed, md_lbl_playcount">
			<color>7C7C96</color>
			<fontSize>.02</fontSize>
		</text>


		<text name="md_lbl_releasedate">
			<pos>0.7 .277</pos>
		</text>

		<datetime name="md_releasedate">
			<fontSize>.015</fontSize>
			<pos>.85 .279</pos>
		</datetime>




		<text name="md_lbl_publisher">
			<pos>0.7 .317</pos>
		</text>

		<text name="md_publisher">
			<pos>.85 .307</pos>
			<fontSize>.015</fontSize>
			<lineSpacing>.7</lineSpacing>
		</text>



		<text name="md_lbl_developer">
			<pos>0.7 .357</pos>
		</text>

		<text name="md_developer">
			<pos>.85 .347</pos>
			<lineSpacing>.7</lineSpacing>
			<fontSize>.015</fontSize>
		</text>



		<text name="md_lbl_players">
			<pos>.7 .397</pos>
		</text>

		<text name="md_players">
			<pos>.85 .387</pos>
			<fontSize>.015</fontSize>
			<lineSpacing>.7</lineSpacing>
		</text>



		<text name="md_lbl_genre">
				<pos>.7 .437</pos>
		</text>

		<text name="md_genre">
			<pos>.85 .427</pos>
			<fontSize>.015</fontSize>
			<lineSpacing>.7</lineSpacing>
		</text>

<!--These are the metadatas that I don't want to use. I just set them out of frame :) -->
		<text name="md_lbl_rating, md_lbl_lastplayed, md_playcount, md_lbl_playcount">
			<pos>1.5 1.5</pos>
		</text>

		<datetime name="md_lastplayed">
			<fontSize>0.015</fontSize>
			<pos>1.5 1.5</pos>
		</datetime>

		<rating name="md_rating">
									 <pos>1 1</pos>
									 <filledPath>./_inc/images/nothing.png</filledPath>
									 <unfilledPath>./_inc/images/nothing.png</unfilledPath>
							 </rating>


	</view>




	<feature supported="video">

		<View name="video">

			<image name="md_marquee">
				<maxSize>0.2 0.2</maxSize>
				<pos>0.7 0.15</pos>
				<origin>1 0.5</origin>
			</image>

		</View>

	</feature>

</theme>
